-- phpMyAdmin SQL Dump
-- version 4.9.2
-- https://www.phpmyadmin.net/
--
-- Host: 127.0.0.1
-- Waktu pembuatan: 26 Des 2020 pada 19.36
-- Versi server: 10.4.11-MariaDB
-- Versi PHP: 7.2.26

SET SQL_MODE = "NO_AUTO_VALUE_ON_ZERO";
SET AUTOCOMMIT = 0;
START TRANSACTION;
SET time_zone = "+00:00";


/*!40101 SET @OLD_CHARACTER_SET_CLIENT=@@CHARACTER_SET_CLIENT */;
/*!40101 SET @OLD_CHARACTER_SET_RESULTS=@@CHARACTER_SET_RESULTS */;
/*!40101 SET @OLD_COLLATION_CONNECTION=@@COLLATION_CONNECTION */;
/*!40101 SET NAMES utf8mb4 */;

--
-- Database: `db_kasir`
--

-- --------------------------------------------------------

--
-- Struktur dari tabel `detail_penjualan`
--

CREATE TABLE `detail_penjualan` (
  `id_detail_penjualan` int(11) NOT NULL,
  `no_invoice` char(9) NOT NULL,
  `kode_produk` char(9) NOT NULL,
  `harga` mediumint(9) NOT NULL,
  `qty` int(11) NOT NULL
) ENGINE=InnoDB DEFAULT CHARSET=utf8mb4;

--
-- Dumping data untuk tabel `detail_penjualan`
--

INSERT INTO `detail_penjualan` (`id_detail_penjualan`, `no_invoice`, `kode_produk`, `harga`, `qty`) VALUES
(250, '20112701', 'P0089', 24000, 2),
(251, '20112701', 'P0088', 17000, 1),
(252, '20112701', 'P0084', 18800, 1),
(253, '201127151', 'P0001', 9800, 1),
(254, '201127151', 'P0083', 8500, 1),
(255, '201127151', 'P0086', 8000, 1),
(256, '201127152', 'P0089', 24000, 1),
(257, '201127153', 'P0087', 11600, 2),
(258, '201127153', 'P0083', 8500, 2),
(259, '201127154', 'P0001', 9800, 1),
(260, '201127154', 'P0086', 8000, 1),
(261, '201127154', 'P0084', 18800, 1),
(262, '201127155', 'P0096', 9300, 3),
(263, '201127155', 'P0095', 9300, 1),
(264, '201127155', 'P0094', 7500, 2),
(265, '201127155', 'P0086', 8000, 1),
(266, '201127156', 'P0094', 7500, 1),
(267, '201127156', 'P0102', 11000, 1),
(268, '201127156', 'P0099', 9600, 1),
(269, '201127156', 'P0083', 8500, 1),
(270, '201127157', 'P0085', 18200, 1),
(271, '201127157', 'P0093', 22000, 1),
(272, '201127158', 'P0093', 22000, 1),
(273, '201127158', 'P0098', 10200, 1),
(274, '201127158', 'P0097', 15500, 1),
(275, '201127159', 'P0097', 15500, 1),
(276, '201127159', 'P0103', 10000, 1),
(277, '201127159', 'P0101', 7000, 1),
(278, '201127160', 'P0094', 7500, 1),
(279, '201127160', 'P0087', 11600, 1),
(280, '201127161', 'P0100', 42000, 1),
(281, '201127161', 'P0088', 17000, 1),
(282, '201127162', 'P0105', 27000, 1),
(283, '201127162', 'P0108', 27200, 1),
(284, '201127163', 'P0100', 42000, 1),
(285, '201127163', 'P0090', 47000, 1),
(286, '201127163', 'P0105', 27000, 1),
(287, '201127164', 'P0099', 9600, 1),
(288, '201127164', 'P0098', 10200, 1),
(289, '201127164', 'P0088', 17000, 1),
(290, '201127165', 'P0086', 8000, 1),
(291, '201127165', 'P0087', 11600, 1),
(292, '201127165', 'P0101', 7000, 1),
(293, '201127165', 'P0107', 27000, 2),
(294, '201127166', 'P0095', 9300, 1),
(295, '201127166', 'P0098', 10200, 1),
(296, '201127166', 'P0084', 18800, 1),
(297, '201127167', 'P0109', 42300, 1),
(298, '201127167', 'P0108', 27200, 1),
(299, '201127168', 'P0084', 18800, 1),
(300, '201127168', 'P0090', 47000, 1),
(301, '201127168', 'P0094', 7500, 2),
(302, '201127169', 'P0094', 7500, 1),
(303, '201127169', 'P0087', 11600, 1),
(304, '201127169', 'P0083', 8500, 1),
(305, '201127170', 'P0094', 7500, 2),
(306, '201127170', 'P0088', 17000, 4),
(307, '201127171', 'P0109', 42300, 1),
(308, '201127172', 'P0102', 11000, 1),
(309, '201127172', 'P0104', 26700, 1),
(310, '201127173', 'P0103', 10000, 1),
(311, '201127173', 'P0106', 32000, 1),
(312, '201127173', 'P0109', 42300, 1),
(313, '201127173', 'P0100', 42000, 1),
(314, '201127174', 'P0087', 11600, 1),
(315, '201127174', 'P0001', 9800, 1),
(316, '201127174', 'P0101', 7000, 1),
(317, '201127174', 'P0109', 42300, 1),
(318, '201127175', 'P0107', 27000, 1),
(319, '201127175', 'P0109', 42300, 1),
(320, '201127175', 'P0108', 27200, 1),
(321, '201127176', 'P0102', 11000, 1),
(322, '201127176', 'P0100', 42000, 1),
(323, '201127176', 'P0108', 27200, 1),
(324, '201127177', 'P0093', 22000, 1),
(325, '201127177', 'P0098', 10200, 1),
(326, '201127178', 'P0107', 27000, 1),
(327, '201127178', 'P0094', 7500, 1),
(328, '201127178', 'P0085', 18200, 1),
(329, '201127179', 'P0100', 42000, 1),
(330, '201127179', 'P0093', 22000, 1),
(331, '201127180', 'P0095', 9300, 1),
(332, '201127180', 'P0096', 9300, 1),
(333, '201127181', 'P0089', 24000, 2),
(334, '201127181', 'P0087', 11600, 2),
(335, '201127181', 'P0083', 8500, 2),
(336, '201127182', 'P0090', 47000, 1),
(337, '201127182', 'P0087', 11600, 1),
(338, '201127183', 'P0094', 7500, 1),
(339, '201127183', 'P0099', 9600, 1),
(340, '201127184', 'P0106', 32000, 1),
(341, '201127184', 'P0100', 42000, 1),
(342, '201127185', 'P0101', 7000, 1),
(343, '201127185', 'P0109', 42300, 1),
(344, '201127185', 'P0090', 47000, 1),
(345, '201127186', 'P0001', 9800, 1),
(346, '201127186', 'P0086', 8000, 1),
(347, '201127186', 'P0083', 8500, 1),
(348, '201127186', 'P0093', 22000, 1),
(349, '201127187', 'P0108', 27200, 1),
(350, '201127187', 'P0100', 42000, 1),
(351, '201127188', 'P0109', 42300, 2),
(352, '201127188', 'P0104', 26700, 2),
(353, '201127189', 'P0108', 27200, 2),
(354, '201127189', 'P0104', 26700, 1),
(355, '201127190', 'P0108', 27200, 1),
(356, '201127190', 'P0109', 42300, 1),
(370, '20112901', 'P0103', 10000, 1),
(371, '20112901', 'P0106', 32000, 2),
(372, '201129199', 'P0107', 27000, 3),
(373, '201129200', 'P0101', 7000, 1),
(375, '201129201', 'P0102', 11000, 3),
(376, '201129201', 'P0101', 7000, 1),
(377, '201129203', 'P0102', 11000, 37),
(378, '201129204', 'P0108', 27200, 1),
(379, '201129204', 'P0100', 42000, 1),
(380, '201129204', 'P0103', 10000, 5),
(381, '20120101', 'P0101', 7000, 34),
(382, '20120201', 'P0107', 27000, 34),
(383, '201202210', 'P0100', 42000, 2),
(384, '201202210', 'P0087', 11600, 4),
(385, '201202211', 'P0101', 7000, 9),
(386, '201202211', 'P0100', 42000, 9),
(387, '201202212', 'P0106', 32000, 76),
(388, '201202213', 'P0109', 42300, 2),
(389, '201202213', 'P0100', 42000, 11),
(390, '201202214', 'P0098', 10200, 4),
(391, '201202214', 'P0109', 42300, 6),
(392, '215', 'P0109', 42300, 2),
(393, '216', 'P0107', 27000, 1),
(394, '217', 'P0108', 27200, 23),
(395, '218', 'P0103', 10000, 42),
(396, '218', 'P0101', 7000, 1),
(397, '218', 'P0099', 9600, 23),
(398, '219', 'P0107', 27000, 12),
(399, '220', 'P0107', 27000, 2),
(400, '221', 'P0104', 26700, 2),
(401, '221', 'P0096', 9300, 4),
(402, '222', 'P0105', 27000, 10),
(403, '223', 'P0109', 42300, 1),
(404, '224', 'P0104', 26700, 2);

-- --------------------------------------------------------

--
-- Struktur dari tabel `kategori_produk`
--

CREATE TABLE `kategori_produk` (
  `id_kt_produk` int(11) NOT NULL,
  `nama_kt_produk` varchar(50) NOT NULL
) ENGINE=InnoDB DEFAULT CHARSET=utf8mb4;

--
-- Dumping data untuk tabel `kategori_produk`
--

INSERT INTO `kategori_produk` (`id_kt_produk`, `nama_kt_produk`) VALUES
(15, 'Perlengkapan Rumah'),
(17, 'Elektronik Rumah Tangga'),
(18, 'Alat Kesehatan'),
(20, 'Bahan Masakan'),
(21, 'Perlengkapan Mandi'),
(22, 'Sabun Cuci'),
(23, 'Pembersih Lantai'),
(24, 'Makanan'),
(26, 'Minuman'),
(27, 'Sabun Mandi');

-- --------------------------------------------------------

--
-- Struktur dari tabel `log_aktivitas`
--

CREATE TABLE `log_aktivitas` (
  `id_aktivitas` int(11) NOT NULL,
  `waktu` datetime NOT NULL,
  `aktivitas` varchar(300) NOT NULL,
  `id_pengguna` int(11) NOT NULL
) ENGINE=InnoDB DEFAULT CHARSET=utf8mb4;

--
-- Dumping data untuk tabel `log_aktivitas`
--

INSERT INTO `log_aktivitas` (`id_aktivitas`, `waktu`, `aktivitas`, `id_pengguna`) VALUES
(17, '2020-09-16 00:00:00', 'asa', 3),
(18, '0000-00-00 00:00:00', 'tes', 2),
(20, '0000-00-00 00:00:00', 'login', 13),
(21, '2020-09-04 00:00:00', 'Login IP ::1 Browser Chrome', 15),
(22, '2020-09-04 00:00:00', 'Login IP ::1 Browser Chrome', 15),
(23, '2020-09-04 00:00:00', 'Login IP ::1 Browser Chrome', 15),
(24, '2020-09-04 05:17:56', 'Login', 15),
(25, '2020-09-04 05:20:28', 'Input penjualan => 200904108 ', 15),
(26, '2020-09-04 05:21:06', 'Input penjualan No Invoice #200904109 ', 15),
(27, '2020-09-04 05:23:41', 'Login', 15),
(28, '2020-09-04 05:24:11', 'Login', 15),
(29, '2020-09-04 05:25:05', 'Login', 15),
(30, '2020-09-04 05:25:47', 'Logout', 0),
(31, '2020-09-04 05:25:55', 'Login', 15),
(32, '2020-09-04 05:25:59', 'Logout', 0),
(33, '2020-09-04 05:26:34', 'Login', 15),
(34, '2020-09-04 05:27:06', 'Logout', 0),
(35, '2020-09-04 05:27:10', 'Login', 15),
(36, '2020-09-04 05:27:13', 'Logout', 15),
(37, '2020-09-04 05:28:00', 'Login', 15),
(38, '2020-09-04 05:28:04', 'Logout', 15),
(39, '2020-09-04 05:28:08', 'Login', 16),
(40, '2020-09-04 05:28:12', 'Logout', 16),
(41, '2020-09-04 05:29:22', 'Login', 16),
(42, '2020-09-04 05:34:31', 'Input penjualan No Invoice #200904110 ', 16),
(43, '2020-09-04 10:37:47', 'Logout', 16),
(44, '2020-09-04 10:37:52', 'Login', 16),
(45, '2020-09-04 10:43:24', 'Login', 15),
(46, '2020-09-04 10:43:49', 'Input penjualan No Invoice #200904111 ', 15),
(47, '2020-09-04 11:19:14', 'Input penjualan No Invoice #200904112 ', 16),
(48, '2020-09-04 12:45:53', 'Logout', 16),
(49, '2020-09-04 12:46:41', 'Login', 16),
(50, '2020-09-04 12:47:08', 'Input penjualan No Invoice #200904113 ', 16),
(51, '2020-09-04 12:51:18', 'Logout', 16),
(52, '2020-09-04 12:51:30', 'Logout', 0),
(53, '2020-09-04 12:51:57', 'Login', 16),
(54, '2020-09-04 01:31:43', 'Logout', 16),
(55, '2020-09-04 01:31:56', 'Login', 16),
(56, '2020-09-04 01:32:41', 'Input penjualan No Invoice #200904114 ', 16),
(57, '2020-09-04 01:34:24', 'Input penjualan No Invoice #200904115 ', 16),
(58, '2020-09-04 01:39:51', 'Login', 15),
(59, '2020-09-04 01:53:11', 'Logout', 16),
(60, '2020-09-04 01:53:19', 'Login', 11),
(61, '2020-09-04 01:57:43', 'Input penjualan No Invoice #200904116 ', 15),
(62, '2020-09-04 01:58:25', 'Logout', 11),
(63, '2020-09-04 01:58:31', 'Login', 16),
(64, '2020-09-04 02:05:30', 'Tambah Pelanggan #PN0020 ', 16),
(65, '2020-09-04 02:08:19', 'Edit Pelanggan # ', 16),
(66, '2020-09-04 02:08:59', 'Edit Pelanggan # ', 16),
(67, '2020-09-04 02:10:46', 'Edit Pelanggan #21 ', 16),
(68, '2020-09-04 02:11:41', 'Edit Pelanggan #PN0020 ', 16),
(69, '2020-09-04 02:18:21', 'Hapus Pelanggan #PN0020 ', 16),
(70, '2020-09-04 02:19:21', 'Edit Pelanggan #PN0019 ', 16),
(71, '2020-09-04 05:45:24', 'Login', 16),
(72, '2020-09-04 06:57:27', 'Logout', 16),
(73, '2020-09-04 06:57:34', 'Login', 15),
(74, '2020-09-04 06:58:46', 'Input penjualan No Invoice #200904117 ', 15),
(75, '2020-09-04 07:02:17', 'Logout', 15),
(76, '2020-09-04 07:02:22', 'Login', 16),
(77, '2020-09-04 08:09:22', 'Login', 15),
(78, '2020-09-04 08:09:42', 'Input penjualan No Invoice #200904118 ', 15),
(79, '2020-09-04 09:14:58', 'Hapus Pelanggan #PN0019 ', 16),
(80, '2020-09-04 09:25:54', 'Logout', 16),
(81, '2020-09-04 09:26:30', 'Login', 16),
(82, '2020-09-04 09:31:52', 'Tambah Produk #P0078 ', 16),
(95, '2020-09-04 09:45:51', 'Input penjualan No Invoice #200904119 ', 15),
(96, '2020-09-04 10:12:59', 'Logout', 16),
(97, '2020-09-04 10:13:13', 'Login', 16),
(98, '2020-09-04 10:26:26', 'Logout', 15),
(99, '2020-09-04 10:26:35', 'Login', 16),
(100, '2020-09-05 08:55:01', 'Login', 15),
(101, '2020-09-05 08:55:26', 'Input penjualan No Invoice #20090501 ', 15),
(102, '2020-09-05 08:55:52', 'Logout', 15),
(103, '2020-09-05 08:56:01', 'Login', 16),
(104, '2020-09-05 09:23:34', 'Logout', 16),
(105, '2020-09-05 09:23:35', 'Login', 15),
(106, '2020-09-05 09:23:57', 'Input penjualan No Invoice #200905121 ', 15),
(107, '2020-09-05 09:24:08', 'Logout', 15),
(108, '2020-09-05 09:24:21', 'Login', 16),
(109, '2020-09-05 09:29:36', 'Logout', 16),
(110, '2020-09-05 09:29:38', 'Login', 15),
(111, '2020-09-05 09:31:27', 'Input penjualan No Invoice #200905122 ', 15),
(112, '2020-09-05 09:33:58', 'Login', 16),
(113, '2020-09-05 10:06:08', 'Input penjualan No Invoice #200905123 ', 15),
(114, '2020-09-05 10:12:40', 'Input penjualan No Invoice #200905124 ', 15),
(115, '2020-09-06 09:21:18', 'Login', 15),
(116, '2020-09-06 09:23:03', 'Input penjualan No Invoice #20090601 ', 15),
(117, '2020-09-06 09:23:30', 'Logout', 15),
(118, '2020-09-06 09:23:40', 'Login', 16),
(119, '2020-09-06 09:25:43', 'Login', 15),
(120, '2020-09-06 09:26:06', 'Input penjualan No Invoice #200906126 ', 15),
(121, '2020-09-06 09:29:51', 'Hapus Produk #P0069 ', 16),
(122, '2020-09-06 09:32:58', 'Logout', 16),
(123, '2020-09-06 09:40:20', 'Login', 15),
(124, '2020-09-06 09:41:14', 'Logout', 15),
(125, '2020-09-07 10:26:16', 'Login', 15),
(126, '2020-09-07 10:28:15', 'Logout', 15),
(127, '2020-09-07 11:53:36', 'Login', 15),
(128, '2020-09-08 12:59:06', 'Login', 15),
(129, '2020-09-08 12:59:36', 'Input penjualan No Invoice #20090801 ', 15),
(130, '2020-09-08 01:01:02', 'Login', 16),
(131, '2020-09-10 10:33:21', 'Login', 16),
(132, '2020-09-12 02:43:52', 'Login', 16),
(133, '2020-09-12 02:43:59', 'Logout', 16),
(134, '2020-09-12 02:44:00', 'Login', 15),
(135, '2020-09-12 02:44:21', 'Input penjualan No Invoice #20091201 ', 15),
(136, '2020-10-02 08:35:35', 'Logout', 16),
(137, '2020-10-02 08:35:51', 'Login', 15),
(138, '2020-10-02 02:15:07', 'Logout', 15),
(139, '2020-10-02 02:15:15', 'Login', 15),
(140, '2020-10-02 02:15:36', 'Input penjualan No Invoice #20100201 ', 15),
(141, '2020-10-02 11:55:50', 'Login', 15),
(142, '2020-10-02 11:56:38', 'Input penjualan No Invoice #201002130 ', 15),
(143, '2020-10-07 09:48:14', 'Login', 15),
(144, '2020-10-07 09:48:26', 'Input penjualan No Invoice #20100701 ', 15),
(145, '2020-10-07 12:02:08', 'Input penjualan No Invoice #201007132 ', 15),
(146, '2020-10-08 08:23:15', 'Login', 15),
(147, '2020-10-08 11:42:59', 'Input penjualan No Invoice #20100801 ', 15),
(148, '2020-10-08 03:29:10', 'Login', 15),
(149, '2020-10-08 09:29:34', 'Login', 15),
(150, '2020-10-08 09:35:41', 'Logout', 15),
(151, '2020-10-08 09:36:50', 'Login', 15),
(152, '2020-10-08 09:45:37', 'Logout', 15),
(153, '2020-10-08 09:46:29', 'Login', 16),
(154, '2020-10-13 11:55:51', 'Login', 16),
(155, '2020-10-13 12:58:17', 'Logout', 16),
(156, '2020-10-13 12:58:28', 'Login', 15),
(157, '2020-10-14 08:09:56', 'Login', 15),
(158, '2020-10-14 08:11:35', 'Input penjualan No Invoice #20101401 ', 15),
(159, '2020-10-14 08:12:24', 'Logout', 15),
(160, '2020-10-14 04:47:43', 'Login', 16),
(161, '2020-10-14 04:48:17', 'Logout', 16),
(162, '2020-10-21 03:12:17', 'Login', 15),
(163, '2020-10-22 09:14:08', 'Login', 16),
(164, '2020-10-22 09:15:59', 'Logout', 16),
(165, '2020-11-15 08:19:38', 'Login', 16),
(166, '2020-11-16 06:09:00', 'Login', 16),
(167, '2020-11-16 06:09:07', 'Logout', 16),
(168, '2020-11-16 06:09:21', 'Login', 15),
(169, '2020-11-16 06:10:17', 'Input penjualan No Invoice #20111601 ', 15),
(170, '2020-11-17 06:31:59', 'Login', 16),
(171, '2020-11-20 09:31:41', 'Login', 16),
(172, '2020-11-20 09:43:06', 'Edit pengguna  #U016 ', 16),
(173, '2020-11-20 09:45:03', 'Edit pengguna  #U016 ', 16),
(174, '2020-11-20 09:45:18', 'Edit pengguna  #U016 ', 16),
(175, '2020-11-20 09:45:53', 'Edit pengguna  #U016 ', 16),
(176, '2020-11-20 09:47:09', 'Tambah pengguna #U017 ', 16),
(177, '2020-11-20 09:47:53', 'Edit pengguna  #U017 ', 16),
(178, '2020-11-20 09:48:34', 'Tambah pengguna #U018 ', 16),
(179, '2020-11-20 09:50:28', 'Edit pengguna  #U014 ', 16),
(180, '2020-11-20 10:03:50', 'Login', 15),
(181, '2020-11-20 10:04:05', 'Input penjualan No Invoice #20112001 ', 15),
(182, '2020-11-20 10:10:26', 'Input penjualan No Invoice #201120137 ', 15),
(183, '2020-11-20 11:08:32', 'Logout', 16),
(184, '2020-11-20 11:10:21', 'Tambah pengguna #U016 ', 16),
(185, '2020-11-20 11:10:27', 'Logout', 16),
(186, '2020-11-20 11:10:31', 'Login', 19),
(187, '2020-11-20 11:11:40', 'Edit Profil', 19),
(188, '2020-11-20 11:12:23', 'Edit Profil', 19),
(189, '2020-11-21 08:23:12', 'Login', 19),
(190, '2020-11-21 08:24:52', 'Login', 15),
(191, '2020-11-21 08:29:07', 'Update Profil Aplikasi', 19),
(192, '2020-11-21 08:30:30', 'Update Profil Aplikasi', 19),
(193, '2020-11-21 08:31:27', 'Update Profil Aplikasi', 19),
(194, '2020-11-21 08:32:02', 'Update Profil Aplikasi', 19),
(195, '2020-11-21 08:33:22', 'Input penjualan No Invoice #20112101 ', 15),
(196, '2020-11-21 08:35:50', 'Input penjualan No Invoice #201121139 ', 15),
(197, '2020-11-21 08:37:07', 'Input penjualan No Invoice #201121140 ', 15),
(198, '2020-11-21 08:37:34', 'Edit pengguna  #U014 ', 19),
(199, '2020-11-21 08:37:48', 'Edit Profil', 15),
(200, '2020-11-21 08:39:19', 'Input penjualan No Invoice #201121141 ', 15),
(201, '2020-11-21 09:14:00', 'Input penjualan No Invoice #201121142 ', 15),
(203, '2020-11-21 09:59:45', 'Tambah Produk #P0076 ', 19),
(204, '2020-11-21 10:01:00', 'Tambah Produk #P0080 ', 19),
(205, '2020-11-21 10:01:56', 'Tambah Produk #P0081 ', 19),
(206, '2020-11-21 10:18:13', 'Edit Produk #P0081 ', 19),
(207, '2020-11-21 10:18:27', 'Edit Produk #P0081 ', 19),
(208, '2020-11-21 10:20:03', 'Edit Produk #P0081 ', 19),
(211, '2020-11-21 10:24:18', 'Edit Produk #P0081 ', 19),
(212, '2020-11-21 10:25:36', 'Edit Produk #P0081 ', 19),
(213, '2020-11-21 10:27:53', 'Edit Produk #P0081 ', 19),
(214, '2020-11-21 10:28:22', 'Edit Produk #P0081 ', 19),
(217, '2020-11-21 10:30:13', 'Edit Produk #P0081 ', 19),
(218, '2020-11-21 10:31:10', 'Edit Produk #P0081 ', 19),
(219, '2020-11-21 10:32:03', 'Edit Produk #P0081 ', 19),
(220, '2020-11-21 10:32:20', 'Edit Produk #P0081 ', 19),
(221, '2020-11-21 10:33:31', 'Edit Produk #P0081 ', 19),
(222, '2020-11-21 10:33:50', 'Edit Produk #P0081 ', 19),
(223, '2020-11-21 10:33:59', 'Edit Produk #P0081 ', 19),
(224, '2020-11-21 10:35:01', 'Edit Produk #P0081 ', 19),
(225, '2020-11-21 10:46:49', 'Hapus Produk #P0081 ', 19),
(226, '2020-11-21 10:47:07', 'Edit Produk #P0080 ', 19),
(227, '2020-11-21 10:47:18', 'Hapus Produk #P0080 ', 19),
(228, '2020-11-21 10:48:01', 'Edit Produk #P0076 ', 19),
(229, '2020-11-21 10:48:05', 'Hapus Produk #P0076 ', 19),
(231, '2020-11-21 11:00:00', 'Edit Pelanggan #PN0018 ', 19),
(232, '2020-11-21 11:00:06', 'Edit Pelanggan #PN0018 ', 19),
(233, '2020-11-21 11:00:45', 'Hapus Pelanggan #PN0018 ', 19),
(234, '2020-11-21 11:02:12', 'Tambah Pelanggan #PN0018 ', 19),
(235, '2020-11-21 11:02:26', 'Edit Pelanggan #PN0018 ', 19),
(236, '2020-11-21 11:02:30', 'Hapus Pelanggan #PN0018 ', 19),
(237, '2020-11-21 12:08:18', 'Edit pengguna  #U011 ', 19),
(238, '2020-11-21 12:34:38', 'Edit Produk #P0064 ', 19),
(239, '2020-11-21 15:10:00', 'Input penjualan No Invoice #20112101 ', 15),
(240, '2020-11-21 15:10:00', 'Input penjualan No Invoice #201121144 ', 15),
(241, '2020-11-21 16:53:00', 'Input penjualan No Invoice #201121145 ', 15),
(242, '2020-11-21 05:22:30', 'Edit pengguna  #U013 ', 19),
(243, '2020-11-21 05:22:37', 'Logout', 15),
(244, '2020-11-21 05:22:41', 'Login', 13),
(245, '2020-11-21 17:23:00', 'Input penjualan No Invoice #201121146 ', 13),
(246, '2020-11-21 08:58:08', 'Tambah pengguna #U020 ', 19),
(247, '2020-11-21 08:58:20', 'Logout', 19),
(248, '2020-11-21 08:58:55', 'Login', 19),
(249, '2020-11-21 08:58:59', 'Logout', 19),
(250, '2020-11-21 08:59:02', 'Login', 20),
(251, '2020-11-21 08:59:14', 'Edit Profil', 20),
(252, '2020-11-21 08:59:17', 'Logout', 20),
(253, '2020-11-21 08:59:21', 'Login', 19),
(254, '2020-11-21 09:07:06', 'Tambah pengguna #U020 ', 19),
(255, '2020-11-21 09:09:30', 'Tambah pengguna #U020 ', 19),
(256, '2020-11-21 09:09:53', 'Tambah pengguna #U023 ', 19),
(257, '2020-11-21 09:11:04', 'Tambah pengguna #U024 ', 19),
(258, '2020-11-21 09:11:34', 'Logout', 19),
(259, '2020-11-21 09:11:38', 'Login', 19),
(260, '2020-11-21 09:12:39', 'Tambah pengguna #U025 ', 19),
(261, '2020-11-21 09:13:46', 'Tambah pengguna #U020 ', 19),
(262, '2020-11-21 09:20:50', 'Tambah pengguna #U020 ', 19),
(263, '2020-11-21 09:34:27', 'Logout', 19),
(264, '2020-11-22 09:40:01', 'Login', 19),
(265, '2020-11-22 10:21:29', 'Edit Profil', 19),
(266, '2020-11-22 10:33:45', 'Logout', 19),
(267, '2020-11-22 10:37:23', 'Login', 19),
(268, '2020-11-22 10:54:22', 'Logout', 19),
(269, '2020-11-22 09:21:56', 'Login', 19),
(270, '2020-11-22 09:55:41', 'Logout', 19),
(271, '2020-11-22 10:05:31', 'Login', 19),
(272, '2020-11-22 10:13:23', 'Login', 15),
(273, '2020-11-22 22:13:00', 'Input penjualan No Invoice #20112201 ', 15),
(274, '2020-11-22 22:14:00', 'Input penjualan No Invoice #201122148 ', 15),
(275, '2020-11-22 10:15:10', 'Hapus Produk #P0062 ', 19),
(276, '2020-11-22 10:15:13', 'Hapus Produk #P0063 ', 19),
(277, '2020-11-22 10:15:15', 'Hapus Produk #P0064 ', 19),
(278, '2020-11-22 10:15:30', 'Hapus Produk #P0066 ', 19),
(279, '2020-11-22 10:15:33', 'Hapus Produk #P0067 ', 19),
(280, '2020-11-22 10:15:35', 'Hapus Produk #P0068 ', 19),
(281, '2020-11-22 10:15:37', 'Hapus Produk #P0071 ', 19),
(282, '2020-11-22 10:15:39', 'Hapus Produk #P0072 ', 19),
(283, '2020-11-22 10:15:41', 'Hapus Produk #P0075 ', 19),
(284, '2020-11-22 10:20:58', 'Tambah Produk #P0001 ', 19),
(285, '2020-11-22 10:21:59', 'Tambah Produk #P0083 ', 19),
(286, '2020-11-22 10:23:00', 'Tambah Produk #P0084 ', 19),
(287, '2020-11-22 10:24:16', 'Tambah Produk #P0085 ', 19),
(288, '2020-11-22 10:25:10', 'Tambah Produk #P0086 ', 19),
(289, '2020-11-22 10:25:57', 'Tambah Produk #P0087 ', 19),
(290, '2020-11-22 10:26:52', 'Edit Produk #P0085 ', 19),
(291, '2020-11-22 10:29:20', 'Tambah Produk #P0088 ', 19),
(292, '2020-11-22 10:30:21', 'Tambah Produk #P0089 ', 19),
(293, '2020-11-22 10:31:06', 'Tambah Produk #P0090 ', 19),
(294, '2020-11-22 10:31:23', 'Hapus Produk #P0090 ', 19),
(295, '2020-11-22 10:31:47', 'Tambah Produk #P0090 ', 19),
(296, '2020-11-22 10:31:53', 'Hapus Produk #P0090 ', 19),
(297, '2020-11-22 22:36:00', 'Input penjualan No Invoice #20112201 ', 15),
(298, '2020-11-27 07:54:21', 'Login', 19),
(299, '2020-11-27 07:55:42', 'Login', 15),
(300, '2020-11-27 07:57:00', 'Input penjualan No Invoice #20112701 ', 15),
(301, '2020-11-27 07:58:23', 'Edit pengguna  #U013 ', 19),
(302, '2020-11-27 07:58:29', 'Logout', 15),
(303, '2020-11-27 07:58:34', 'Login', 13),
(304, '2020-11-27 07:58:00', 'Input penjualan No Invoice #201127151 ', 13),
(305, '2020-11-27 09:39:34', 'Edit pengguna  #U011 ', 19),
(306, '2020-11-27 09:39:39', 'Logout', 13),
(307, '2020-11-27 09:39:50', 'Login', 11),
(308, '2020-11-27 09:51:53', 'Logout', 11),
(309, '2020-11-27 09:51:54', 'Login', 15),
(310, '2020-11-27 09:52:00', 'Input penjualan No Invoice #201127152 ', 15),
(311, '2020-11-27 09:52:00', 'Input penjualan No Invoice #201127153 ', 15),
(312, '2020-11-27 09:53:00', 'Input penjualan No Invoice #201127154 ', 15),
(313, '2020-11-27 10:02:16', 'Tambah Produk #P0090 ', 19),
(314, '2020-11-27 10:03:01', 'Tambah Produk #P0093 ', 19),
(315, '2020-11-27 10:04:01', 'Tambah Produk #P0094 ', 19),
(316, '2020-11-27 10:04:37', 'Tambah Produk #P0095 ', 19),
(317, '2020-11-27 10:05:15', 'Tambah Produk #P0096 ', 19),
(318, '2020-11-27 10:05:51', 'Tambah Produk #P0097 ', 19),
(319, '2020-11-27 10:06:25', 'Tambah Produk #P0098 ', 19),
(321, '2020-11-27 10:07:46', 'Tambah Produk #P0099 ', 19),
(322, '2020-11-27 10:08:32', 'Tambah Produk #P0100 ', 19),
(323, '2020-11-27 10:09:20', 'Tambah Produk #P0101 ', 19),
(324, '2020-11-27 10:10:01', 'Tambah Produk #P0102 ', 19),
(325, '2020-11-27 10:10:40', 'Tambah Produk #P0103 ', 19),
(326, '2020-11-27 10:14:00', 'Input penjualan No Invoice #201127155 ', 15),
(327, '2020-11-27 10:15:00', 'Input penjualan No Invoice #201127156 ', 15),
(328, '2020-11-27 10:15:00', 'Input penjualan No Invoice #201127157 ', 15),
(329, '2020-11-27 10:16:00', 'Input penjualan No Invoice #201127158 ', 15),
(330, '2020-11-27 10:16:38', 'Login', 13),
(331, '2020-11-27 10:16:00', 'Input penjualan No Invoice #201127159 ', 13),
(332, '2020-11-27 10:17:00', 'Input penjualan No Invoice #201127160 ', 13),
(333, '2020-11-27 10:27:07', 'Edit Produk #P0103 ', 19),
(334, '2020-11-27 10:27:15', 'Edit Produk #P0102 ', 19),
(335, '2020-11-27 10:27:25', 'Edit Produk #P0101 ', 19),
(336, '2020-11-27 10:27:39', 'Edit Produk #P0100 ', 19),
(337, '2020-11-27 10:27:46', 'Edit Produk #P0099 ', 19),
(338, '2020-11-27 10:28:01', 'Edit Produk #P0098 ', 19),
(339, '2020-11-27 10:28:17', 'Edit Produk #P0096 ', 19),
(340, '2020-11-27 10:28:28', 'Edit Produk #P0095 ', 19),
(341, '2020-11-27 10:28:35', 'Edit Produk #P0094 ', 19),
(342, '2020-11-27 10:28:46', 'Edit Produk #P0093 ', 19),
(343, '2020-11-27 10:28:59', 'Edit Produk #P0090 ', 19),
(344, '2020-11-27 10:38:34', 'Tambah Produk #P0104 ', 19),
(345, '2020-11-27 10:39:08', 'Tambah Produk #P0105 ', 19),
(346, '2020-11-27 10:39:41', 'Tambah Produk #P0106 ', 19),
(347, '2020-11-27 10:40:23', 'Tambah Produk #P0107 ', 19),
(348, '2020-11-27 10:40:58', 'Tambah Produk #P0108 ', 19),
(349, '2020-11-27 10:41:46', 'Tambah Produk #P0109 ', 19),
(350, '2020-11-27 10:41:58', 'Edit Produk #P0109 ', 19),
(351, '2020-11-27 10:42:08', 'Edit Produk #P0108 ', 19),
(352, '2020-11-27 10:42:18', 'Edit Produk #P0107 ', 19),
(353, '2020-11-27 10:42:32', 'Edit Produk #P0106 ', 19),
(354, '2020-11-27 10:42:41', 'Edit Produk #P0105 ', 19),
(355, '2020-11-27 10:42:51', 'Edit Produk #P0104 ', 19),
(356, '2020-11-27 10:43:00', 'Input penjualan No Invoice #201127161 ', 15),
(357, '2020-11-27 10:46:00', 'Input penjualan No Invoice #201127162 ', 13),
(358, '2020-11-27 10:46:00', 'Input penjualan No Invoice #201127163 ', 13),
(359, '2020-11-27 10:47:00', 'Input penjualan No Invoice #201127164 ', 13),
(360, '2020-11-27 10:47:00', 'Input penjualan No Invoice #201127165 ', 13),
(361, '2020-11-27 10:47:00', 'Input penjualan No Invoice #201127166 ', 13),
(362, '2020-11-27 10:48:00', 'Input penjualan No Invoice #201127167 ', 13),
(363, '2020-11-27 10:48:00', 'Input penjualan No Invoice #201127168 ', 13),
(364, '2020-11-27 10:48:00', 'Input penjualan No Invoice #201127169 ', 13),
(365, '2020-11-27 10:49:00', 'Input penjualan No Invoice #201127170 ', 13),
(366, '2020-11-27 10:49:00', 'Input penjualan No Invoice #201127171 ', 13),
(367, '2020-11-27 10:52:00', 'Input penjualan No Invoice #201127172 ', 15),
(368, '2020-11-27 10:52:00', 'Input penjualan No Invoice #201127173 ', 15),
(369, '2020-11-27 10:52:00', 'Input penjualan No Invoice #201127174 ', 15),
(370, '2020-11-27 10:55:00', 'Input penjualan No Invoice #201127175 ', 13),
(371, '2020-11-27 10:55:00', 'Input penjualan No Invoice #201127176 ', 13),
(372, '2020-11-27 10:55:00', 'Input penjualan No Invoice #201127177 ', 13),
(373, '2020-11-27 10:56:00', 'Input penjualan No Invoice #201127178 ', 13),
(374, '2020-11-27 10:56:00', 'Input penjualan No Invoice #201127179 ', 13),
(375, '2020-11-27 10:56:00', 'Input penjualan No Invoice #201127180 ', 13),
(376, '2020-11-27 10:57:00', 'Input penjualan No Invoice #201127181 ', 13),
(377, '2020-11-27 10:57:00', 'Input penjualan No Invoice #201127182 ', 13),
(378, '2020-11-27 10:57:00', 'Input penjualan No Invoice #201127183 ', 13),
(379, '2020-11-27 10:57:00', 'Input penjualan No Invoice #201127184 ', 13),
(380, '2020-11-27 10:58:00', 'Input penjualan No Invoice #201127185 ', 15),
(381, '2020-11-27 10:58:00', 'Input penjualan No Invoice #201127186 ', 15),
(382, '2020-11-27 10:58:00', 'Input penjualan No Invoice #201127187 ', 15),
(383, '2020-11-27 11:49:00', 'Input penjualan No Invoice #201127188 ', 15),
(384, '2020-11-27 11:51:00', 'Input penjualan No Invoice #201127189 ', 15),
(385, '2020-11-27 12:34:35', 'Edit Produk #P0109 ', 19),
(386, '2020-11-27 12:34:44', 'Edit Produk #P0108 ', 19),
(387, '2020-11-27 12:35:04', 'Edit Produk #P0107 ', 19),
(388, '2020-11-27 12:35:20', 'Edit Produk #P0105 ', 19),
(389, '2020-11-27 12:35:34', 'Edit Produk #P0104 ', 19),
(390, '2020-11-27 12:35:53', 'Edit Produk #P0103 ', 19),
(391, '2020-11-27 12:36:03', 'Edit Produk #P0102 ', 19),
(392, '2020-11-27 12:36:12', 'Edit Produk #P0101 ', 19),
(393, '2020-11-27 12:36:20', 'Edit Produk #P0100 ', 19),
(394, '2020-11-27 12:36:30', 'Edit Produk #P0098 ', 19),
(395, '2020-11-27 12:36:41', 'Edit Produk #P0095 ', 19),
(396, '2020-11-27 12:36:50', 'Edit Produk #P0090 ', 19),
(397, '2020-11-27 12:37:02', 'Edit Produk #P0093 ', 19),
(398, '2020-11-27 12:37:17', 'Edit Produk #P0094 ', 19),
(399, '2020-11-27 12:37:30', 'Edit Produk #P0097 ', 19),
(400, '2020-11-27 12:37:37', 'Edit Produk #P0096 ', 19),
(401, '2020-11-27 12:37:45', 'Edit Produk #P0107 ', 19),
(402, '2020-11-27 12:37:59', 'Edit Produk #P0103 ', 19),
(403, '2020-11-27 12:38:18', 'Edit Produk #P0106 ', 19),
(404, '2020-11-27 12:43:45', 'Edit Produk #P0099 ', 19),
(405, '2020-11-27 12:47:34', 'Edit Produk #P0088 ', 19),
(406, '2020-11-27 13:07:00', 'Input penjualan No Invoice #201127190 ', 15),
(407, '2020-11-27 08:32:24', 'Login', 19),
(408, '2020-11-27 09:09:55', 'Edit Profil', 19),
(409, '2020-11-27 09:10:52', 'Edit Profil', 19),
(410, '2020-11-28 10:14:13', 'Login', 19),
(411, '2020-11-28 10:18:24', 'Tambah pengguna #U020 ', 19),
(412, '2020-11-28 10:20:23', 'Logout', 19),
(413, '2020-11-28 10:20:29', 'Login', 15),
(414, '2020-11-29 09:42:17', 'Login', 19),
(415, '2020-11-29 09:43:05', 'Update Profil Aplikasi', 19),
(416, '2020-11-29 09:43:46', 'Update Profil Aplikasi', 19),
(417, '2020-11-29 09:54:39', 'Update Profil Aplikasi', 19),
(418, '2020-11-29 11:14:54', 'Edit Supplier', 19),
(419, '2020-11-29 11:15:34', 'Edit Supplier #', 19),
(420, '2020-11-29 11:16:19', 'Edit Supplier # SP0009', 19),
(421, '2020-11-29 11:19:36', 'Hapus Supplier # SP0009', 19),
(422, '2020-11-29 11:22:44', 'Tambah Supplier # SP0009', 19),
(423, '2020-11-29 11:22:52', 'Hapus Supplier # SP0009', 19),
(424, '2020-11-29 11:31:01', 'Tambah Produk #P0110 ', 19),
(425, '2020-11-29 11:36:23', 'Edit Produk #P0110 ', 19),
(426, '2020-11-29 11:40:10', 'Edit Produk #P0110 ', 19),
(427, '2020-11-29 11:42:09', 'Hapus Produk #P0110 ', 19),
(428, '2020-11-29 01:12:51', 'Tambah Kategori Produk : tes ', 19),
(430, '2020-11-29 01:17:20', 'Edit Kategori Produk ID #id_kt_produk ', 19),
(431, '2020-11-29 01:21:15', 'Hapus Kategori Produk ID : 30 ', 19),
(432, '2020-11-29 01:21:30', 'Edit Kategori Produk ID #id_kt_produk ', 19),
(433, '2020-11-29 01:21:48', 'Edit Kategori Produk ID #29 ', 19),
(434, '2020-11-29 01:21:58', 'Hapus Kategori Produk ID : 29 ', 19),
(435, '2020-11-29 01:22:00', 'Hapus Kategori Produk ID : 28 ', 19),
(436, '2020-11-29 01:27:13', 'Tambah Pelanggan #PN0018 ', 19),
(437, '2020-11-29 01:32:19', 'Edit Pelanggan #PN0018 ', 19),
(438, '2020-11-29 01:35:19', 'Hapus Pelanggan #PN0018 ', 19),
(439, '2020-11-29 01:45:12', 'Tambah pengguna #U020 ', 19),
(440, '2020-11-29 01:46:03', 'Tambah Pengguna (Admin) #U031 ', 19),
(441, '2020-11-29 01:54:58', 'Edit pengguna  #U031 ', 19),
(442, '2020-11-29 01:55:02', 'Edit pengguna  #U031 ', 19),
(443, '2020-11-29 02:00:05', 'Hapus pengguna #U020 ', 19),
(444, '2020-11-29 14:00:44', 'Hapus pengguna #U031 ', 19),
(445, '2020-11-29 17:28:00', 'Input penjualan No Invoice #201129201 ', 15),
(446, '2020-11-29 17:32:00', 'Input penjualan No Invoice #201129203 ', 15),
(447, '2020-11-29 17:32:00', 'Input penjualan No Invoice #201129204 ', 15),
(448, '2020-12-01 23:54:00', 'Input penjualan No Invoice #20120101 ', 15),
(452, '2020-12-02 00:01:00', 'Input penjualan No Invoice #20120201 ', 15),
(453, '2020-12-02 00:21:00', 'Input penjualan No Invoice #201202210 ', 15),
(454, '2020-12-02 00:22:00', 'Input penjualan No Invoice #201202211 ', 15),
(455, '2020-12-02 00:38:00', 'Input penjualan No Invoice #201202212 ', 15),
(456, '2020-12-02 14:55:00', 'Input penjualan No Invoice #201202213 ', 15),
(457, '2020-12-02 16:13:00', 'Input penjualan No Invoice #201202214 ', 15),
(458, '2020-12-02 19:44:56', 'Edit Profil', 19),
(459, '2020-12-02 19:45:03', 'Edit Profil', 19),
(460, '2020-12-04 19:41:00', 'Input penjualan No Invoice #215 ', 15),
(461, '2020-12-04 20:05:00', 'Input penjualan No Invoice #216 ', 15),
(462, '2020-12-10 23:19:59', 'Edit pengguna  #U011 ', 19),
(463, '2020-12-12 00:09:00', 'Input penjualan No Invoice #217 ', 15),
(464, '2020-12-23 12:24:00', 'Input penjualan No Invoice #218 ', 15),
(465, '2020-12-26 10:55:00', 'Input penjualan No Invoice #219 ', 15),
(466, '2020-12-26 10:57:00', 'Input penjualan No Invoice #220 ', 15),
(467, '2020-12-26 11:01:00', 'Input penjualan No Invoice #221 ', 15),
(468, '2020-12-26 11:02:00', 'Input penjualan No Invoice #222 ', 15),
(469, '2020-12-26 11:02:31', 'Edit pengguna  #U016 ', 19),
(470, '2020-12-26 11:02:42', 'Edit pengguna  #U016 ', 19),
(471, '2020-12-26 11:02:56', 'Edit pengguna  #U016 ', 19),
(472, '2020-12-26 11:03:16', 'Edit pengguna  #U014 ', 19),
(473, '2020-12-26 11:03:30', 'Edit pengguna  #U013 ', 19),
(474, '2020-12-26 11:04:34', 'Edit pengguna  #U013 ', 19),
(475, '2020-12-26 11:04:42', 'Edit pengguna  #U014 ', 19),
(476, '2020-12-26 11:04:46', 'Hapus pengguna #U011 ', 19),
(477, '2020-12-26 11:05:36', 'Edit pengguna  #U014 ', 19),
(478, '2020-12-26 11:06:01', 'Edit pengguna  #U016 ', 19),
(479, '2020-12-26 11:06:25', 'Edit pengguna  #U013 ', 19),
(480, '2020-12-26 11:08:00', 'Input penjualan No Invoice #223 ', 13),
(481, '2020-12-26 11:32:00', 'Input penjualan No Invoice #224 ', 13);

-- --------------------------------------------------------

--
-- Struktur dari tabel `pelanggan`
--

CREATE TABLE `pelanggan` (
  `id_pelanggan` int(11) NOT NULL,
  `kode_pelanggan` char(9) NOT NULL,
  `nama_pelanggan` varchar(50) NOT NULL,
  `no_telp` char(14) NOT NULL,
  `alamat_pelanggan` varchar(50) NOT NULL,
  `jenis_kelamin` int(11) NOT NULL,
  `tanggal_lahir` date NOT NULL,
  `status` int(11) NOT NULL
) ENGINE=InnoDB DEFAULT CHARSET=utf8mb4;

--
-- Dumping data untuk tabel `pelanggan`
--

INSERT INTO `pelanggan` (`id_pelanggan`, `kode_pelanggan`, `nama_pelanggan`, `no_telp`, `alamat_pelanggan`, `jenis_kelamin`, `tanggal_lahir`, `status`) VALUES
(7, 'P0007', 'Danuar Antasari', '08237484492', 'Jl Mengkubumi no 11', 1, '1993-08-28', 1),
(8, 'P0008', 'Mila Supriani', '082322233', 'Jl maya no 76', 2, '2000-02-22', 1),
(9, 'P0009', 'Wahyu Atmajaya', '087823293222', 'Jl batu no 98', 1, '1997-11-11', 1),
(10, 'P0010', 'Rizki Kurniawan', '08237484492', 'Jl mantrijeron no 67', 1, '1996-08-11', 1),
(11, 'P0011', 'Ilham Sanjaya', '087823293233', 'Jl sukuarjo no 89', 1, '1998-12-19', 1),
(12, 'PN001', 'Rini Mustika', '082322230343', 'Jl cendana no 78', 2, '1991-08-26', 1),
(17, 'PN0013', 'Ferrry Setiawan', '08923274242', 'Jl banguntapan no 22', 1, '1993-11-11', 1);

-- --------------------------------------------------------

--
-- Struktur dari tabel `pengguna`
--

CREATE TABLE `pengguna` (
  `id_pengguna` int(11) NOT NULL,
  `kode_pengguna` char(9) NOT NULL,
  `nama_pengguna` varchar(50) NOT NULL,
  `email` varchar(35) NOT NULL,
  `no_telp` char(14) NOT NULL,
  `foto` varchar(100) NOT NULL,
  `username` varchar(50) CHARACTER SET utf8mb4 COLLATE utf8mb4_bin NOT NULL,
  `password` varchar(500) CHARACTER SET utf8mb4 COLLATE utf8mb4_bin NOT NULL,
  `level` varchar(10) NOT NULL,
  `status` int(11) NOT NULL
) ENGINE=InnoDB DEFAULT CHARSET=utf8mb4;

--
-- Dumping data untuk tabel `pengguna`
--

INSERT INTO `pengguna` (`id_pengguna`, `kode_pengguna`, `nama_pengguna`, `email`, `no_telp`, `foto`, `username`, `password`, `level`, `status`) VALUES
(1, 'U001', '11', 'arimurti95.sd@gmail.com', '11', '', '11', '11', '0', 1),
(2, 'U002', '22', 'arimurti95@gmail.com', '222', '', '22', '22', '0', 1),
(3, 'U003', '232', 'arimurti95.sd@gmail.com', '23', '', '23', '23', '0', 0),
(4, 'U004', '111', 'arimurti95.sd@gmail.com', '232', '', '22', '22', '0', 1),
(13, 'U013', 'Riana Latifa', 'riana.latifa@gmail.com', '08239284343', 'safitri ayu.png', 'kasir', '827ccb0eea8a706c4c34a16891f84e7b', 'Kasir', 1),
(15, 'U014', 'Dimas Ari', 'arimurti95.sd@gmail.com', '082322230343', 'marshel.png', 'manajer_penjualan', '827ccb0eea8a706c4c34a16891f84e7b', 'Manajer', 1),
(19, 'U016', 'Setiawan Dimas', 'arimurti95.sd@gmail.com', '082322230343', 'dimas.png', 'admin_penjualan', '827ccb0eea8a706c4c34a16891f84e7b', 'Admin', 1);

-- --------------------------------------------------------

--
-- Struktur dari tabel `penjualan`
--

CREATE TABLE `penjualan` (
  `id_penjualan` int(11) NOT NULL,
  `no_invoice` char(10) NOT NULL,
  `tanggal` timestamp NOT NULL DEFAULT current_timestamp() ON UPDATE current_timestamp(),
  `id_kasir` int(11) NOT NULL,
  `kode_pelanggan` char(9) NOT NULL,
  `total_bayar` mediumint(9) NOT NULL,
  `bayar` mediumint(9) NOT NULL,
  `kembali` mediumint(9) NOT NULL
) ENGINE=InnoDB DEFAULT CHARSET=utf8mb4;

--
-- Dumping data untuk tabel `penjualan`
--

INSERT INTO `penjualan` (`id_penjualan`, `no_invoice`, `tanggal`, `id_kasir`, `kode_pelanggan`, `total_bayar`, `bayar`, `kembali`) VALUES
(150, '20112701', '2020-11-01 00:57:00', 15, '3', 83800, 100000, 16200),
(151, '201127151', '2020-11-03 00:58:00', 13, '3', 26300, 30000, 3700),
(152, '201127152', '2020-11-05 02:52:00', 15, 'P0010', 24000, 30000, 6000),
(153, '201127153', '2020-11-04 02:52:00', 15, 'P0010', 40200, 50000, 9800),
(154, '201127154', '2020-11-01 02:53:00', 15, 'P0007', 36600, 40000, 3400),
(155, '201127155', '2020-11-07 03:14:00', 15, '3', 60200, 62000, 1800),
(156, '201127156', '2020-11-01 03:15:00', 15, '3', 36600, 40000, 3400),
(157, '201127157', '2020-11-06 03:15:00', 15, '3', 40200, 41000, 800),
(158, '201127158', '2020-11-02 03:16:00', 15, '3', 47700, 50000, 2300),
(159, '201127159', '2020-11-11 03:16:00', 13, '3', 32500, 50000, 17500),
(160, '201127160', '2020-11-08 03:17:00', 13, '3', 19100, 19999, 900),
(161, '201127161', '2020-11-02 03:43:00', 15, 'P0010', 59000, 60000, 1000),
(162, '201127162', '2020-11-13 03:46:00', 13, 'P0007', 54200, 55001, 800),
(163, '201127163', '2020-11-11 03:46:00', 13, '3', 116000, 120000, 4000),
(164, '201127164', '2020-11-09 03:47:00', 13, '3', 36800, 40000, 3200),
(165, '201127165', '2020-11-10 03:47:00', 13, '3', 80600, 81000, 400),
(166, '201127166', '2020-11-12 03:47:00', 13, '3', 38300, 40000, 1700),
(167, '201127167', '2020-11-27 03:48:00', 13, '3', 69500, 70000, 500),
(168, '201127168', '2020-11-16 03:48:00', 13, '3', 80800, 100000, 19200),
(169, '201127169', '2020-11-19 03:48:00', 13, '3', 27600, 30000, 2400),
(170, '201127170', '2020-11-21 03:49:00', 13, '3', 83000, 100000, 17000),
(171, '201127171', '2020-11-18 03:49:00', 13, 'P0011', 42300, 50000, 7700),
(172, '201127172', '2020-11-15 03:52:00', 15, '3', 37700, 40000, 2300),
(173, '201127173', '2020-11-17 03:52:00', 15, '3', 126300, 130000, 3700),
(174, '201127174', '2020-11-24 03:52:00', 15, '3', 70700, 70800, 100),
(175, '201127175', '2020-11-14 03:55:00', 13, '3', 96500, 100000, 3500),
(176, '201127176', '2020-11-20 03:55:00', 13, '3', 80200, 100000, 19800),
(177, '201127177', '2020-11-22 03:55:00', 13, '3', 32200, 49997, 17800),
(178, '201127178', '2020-11-23 03:56:00', 13, '3', 52700, 55000, 2300),
(179, '201127179', '2020-11-28 03:56:00', 13, '3', 64000, 64000, 0),
(180, '201127180', '2020-11-25 03:56:00', 13, '3', 18600, 20000, 1400),
(181, '201127181', '2020-11-26 03:57:00', 13, '3', 88200, 100000, 11800),
(182, '201127182', '2020-11-29 03:57:00', 13, '3', 58600, 60000, 1400),
(183, '201127183', '2020-11-30 03:57:00', 13, 'PN001', 17100, 20000, 2900),
(184, '201127184', '2020-11-04 03:57:00', 13, '3', 74000, 79997, 6000),
(185, '201127185', '2020-11-03 03:58:00', 15, '3', 96300, 100000, 3700),
(186, '201127186', '2020-11-08 03:58:00', 15, '3', 48300, 50000, 1700),
(187, '201127187', '2020-11-19 03:58:00', 15, '3', 69200, 70000, 800),
(188, '201127188', '2020-11-27 04:49:00', 15, 'PN001', 138000, 200000, 62000),
(189, '201127189', '2020-11-27 04:51:00', 15, '3', 81100, 100000, 18900),
(190, '201127190', '2020-11-27 06:07:00', 15, 'P0009', 69500, 70000, 500),
(198, '20112901', '2020-11-29 10:25:00', 15, '3', 74000, 80000, 6000),
(199, '201129199', '2020-11-29 10:25:00', 15, '3', 81000, 89000, 8000),
(200, '201129200', '2020-11-29 10:26:00', 15, '3', 7000, 455555, 448555),
(202, '201129201', '2020-11-29 10:28:00', 15, 'P0010', 40000, 45454, 5454),
(203, '201129203', '2020-11-29 10:32:00', 15, '3', 407000, 8388607, 8388607),
(204, '201129204', '2020-11-29 10:32:00', 15, '3', 119200, 677777, 558577),
(205, '20120101', '2020-12-01 16:54:00', 15, '3', 238000, 500000, 262000),
(209, '20120201', '2020-12-01 17:01:00', 15, 'P0011', 918000, 918000, 0),
(210, '201202210', '2020-12-01 17:21:00', 15, '3', 130400, 150000, 19600),
(211, '201202211', '2020-12-01 17:22:00', 15, 'P0008', 441000, 500000, 59000),
(212, '201202212', '2020-12-01 17:38:00', 15, '3', 2432000, 5000000, 2568000),
(213, '201202213', '2020-12-02 07:55:00', 15, 'PN001', 546600, 600000, 53400),
(214, '201202214', '2020-12-02 09:13:00', 15, '3', 294600, 300000, 5400),
(215, '215', '2020-12-04 12:41:00', 15, 'PN001', 84600, 100000, 15400),
(216, '216', '2020-12-04 13:05:00', 15, 'P0011', 27000, 30000, 3000),
(217, '217', '2020-12-11 17:09:00', 15, 'P0010', 625600, 8388607, 8388607),
(218, '218', '2020-12-23 05:24:00', 15, '3', 647800, 700000, 52200),
(219, '219', '2020-12-26 03:55:00', 15, '3', 324000, 400000, 0),
(220, '220', '2020-12-26 03:57:00', 15, '3', 54000, 58000, 4000),
(221, '221', '2020-12-26 04:01:00', 15, 'PN001', 90600, 100000, 9400),
(222, '222', '2020-12-26 04:02:00', 15, '3', 270000, 300000, 30000),
(223, '223', '2020-12-26 04:08:00', 13, '3', 42300, 50000, 7700),
(224, '224', '2020-12-26 04:32:00', 13, '3', 53400, 60000, 6600);

-- --------------------------------------------------------

--
-- Struktur dari tabel `produk`
--

CREATE TABLE `produk` (
  `id_produk` int(11) NOT NULL,
  `kode_produk` char(9) NOT NULL,
  `nama_produk` varchar(50) NOT NULL,
  `satuan` varchar(5) NOT NULL,
  `kategori_produk` int(11) NOT NULL,
  `stok_produk` int(11) NOT NULL,
  `supplier` int(11) NOT NULL,
  `harga_beli` int(11) NOT NULL,
  `harga_jual` int(11) NOT NULL,
  `keterangan_produk` text NOT NULL,
  `tanggal_produk` date NOT NULL,
  `gambar_produk` varchar(500) NOT NULL
) ENGINE=InnoDB DEFAULT CHARSET=utf8mb4;

--
-- Dumping data untuk tabel `produk`
--

INSERT INTO `produk` (`id_produk`, `kode_produk`, `nama_produk`, `satuan`, `kategori_produk`, `stok_produk`, `supplier`, `harga_beli`, `harga_jual`, `keterangan_produk`, `tanggal_produk`, `gambar_produk`) VALUES
(82, 'P0001', 'Sardines ABC', 'Kalen', 24, 16, 7, 9300, 9800, '', '2020-11-22', 'sardines.PNG'),
(83, 'P0083', 'Chitato', 'pcs', 24, 42, 7, 8000, 8500, '', '2020-11-22', 'chitato.PNG'),
(84, 'P0084', 'Kecap Bango', 'pcs', 20, 16, 8, 18300, 18800, '', '2020-11-22', 'kecap bango.PNG'),
(85, 'P0085', 'Luwak White Koffie (18 Pcs)', 'pcs', 26, 28, 6, 17800, 18200, '', '2020-11-22', 'luwak white coffe.PNG'),
(86, 'P0086', 'Pasta Gigi Sasha', 'pcs', 21, 10, 6, 7500, 8000, '', '2020-11-22', 'sasha.PNG'),
(87, 'P0087', 'Mama Lemon 780ml', 'pcs', 22, 17, 4, 10900, 11600, '', '2020-11-22', 'mama lemon.PNG'),
(88, 'P0088', 'Susu Greenfields Full Cream asasaaa asasa', 'pcs', 26, 8, 7, 16500, 17000, '', '2020-11-22', 'greenfields milk.PNG'),
(89, 'P0089', 'Minyak Goreng Rose Brand', 'pcs', 20, 15, 7, 23500, 24000, '', '2020-11-22', 'minyak goreng rose brand.PNG'),
(92, 'P0090', 'Dove Body Wash 550ml', 'pcs', 27, 26, 6, 44500, 47000, '', '2020-11-27', 'DOVE Body Wash Deeply Nourishing 550ml.PNG'),
(93, 'P0093', 'Close Up Pasta Gigi', 'pcs', 21, 45, 8, 19000, 22000, '', '2020-11-27', 'CLOSE UP Pasta Gigi White Attraction Natural Smile 170g.PNG'),
(94, 'P0094', 'Roma Sari Gandum Coklat', 'pcs', 24, 89, 7, 6000, 7500, '', '2020-11-27', 'ROMA Sari Gandum Coklat 115g.PNG'),
(95, 'P0095', 'Bear Brand 189ml', 'kalen', 26, 97, 8, 8900, 9300, '', '2020-11-27', 'BEAR BRAND Ready To Drink Milk Tin 189ml.PNG'),
(96, 'P0096', 'Top Coffe White 10pcs', 'pcs', 26, 92, 8, 8900, 9300, '', '2020-11-27', 'TOP COFFEE White 10pcs x 21g.PNG'),
(97, 'P0097', 'ABC Kopi Susu 10pcs', 'pcs', 26, 98, 6, 14000, 15500, '', '2020-11-27', 'ABC Kopi Susu 10pcs x 31g.PNG'),
(98, 'P0098', 'Mie Sedap  Goreng Bag 5pcs', 'pcs', 24, 42, 7, 9700, 10200, '', '2020-11-27', 'MIE SEDAAP Mie Instan Goreng Bag 5pcs x 90g.PNG'),
(99, 'P0099', 'Nice Facial Tissue 900g', 'pcs', 15, 64, 8, 8900, 9600, '', '2020-11-27', 'NICE Facial Tissue Kiloan 900g.PNG'),
(100, 'P0100', 'Palmolive Body Wash 1L', 'pcs', 27, 0, 4, 40000, 42000, '', '2020-11-27', 'PALMOLIVE Body Wash Cherry Blossom Pump 1L.PNG'),
(101, 'P0101', 'Ciptadent Pasta Gigi  190g', 'pcs', 21, 0, 4, 6400, 7000, '', '2020-11-27', 'CIPTADENT Pasta Gigi Fresh Tube 190g.PNG'),
(102, 'P0102', 'Wipol Karbol Classic Pine 780ml', 'pcs', 23, 7, 4, 10000, 11000, '', '2020-11-27', 'WIPOL Karbol Classic Pine Refill 780ml.PNG'),
(103, 'P0103', 'Cap Lang 60ml', 'botol', 15, 0, 8, 8900, 10000, '', '2020-11-27', 'CAP LANG Minyak Kayu Putih no 2 60ml.PNG'),
(104, 'P0104', 'Molto Eau De Parfum 720m', 'pcs', 22, 72, 8, 25000, 26700, '', '2020-11-27', 'MOLTO Eau De Parfum Pink Luxury Rose 720ml.PNG'),
(105, 'P0105', 'Frisan Flag Coklat Box - 800gr', 'pcs', 26, 68, 8, 26000, 27000, '', '2020-11-27', 'FRISIAN FLAG Purefarm Coklat Box - 800gr.PNG'),
(106, 'P0106', 'Attack Jaz1 1.7kg', 'pcs', 22, 0, 8, 30000, 32000, '', '2020-11-27', 'ATTACK JAZ1 Pesona Segar 1.7kg.PNG'),
(107, 'P0107', 'Attack Hygiene Plus', 'pcs', 22, 24, 7, 25500, 27000, '', '2020-11-27', 'ATTACK Hygiene Plus Protection Liquid Detergent Pouch 1.2l.PNG'),
(108, 'P0108', 'Attack Easy Liquid 1l', 'pcs', 22, 48, 8, 26500, 27200, '', '2020-11-27', 'ATTACK Easy Liquid Purple Blossom 1l.PNG'),
(109, 'P0109', 'Pantene Shampoo 400ml', 'botol', 27, 10, 8, 41200, 42300, '', '2020-11-27', 'PANTENE Shampoo Anti Dandruff 400ml.PNG');

-- --------------------------------------------------------

--
-- Struktur dari tabel `profil_aplikasi`
--

CREATE TABLE `profil_aplikasi` (
  `id` int(11) NOT NULL,
  `nama_aplikasi` varchar(30) NOT NULL,
  `alamat` varchar(100) NOT NULL,
  `no_telp` char(14) NOT NULL,
  `website` varchar(50) NOT NULL,
  `logo` varchar(100) NOT NULL
) ENGINE=InnoDB DEFAULT CHARSET=utf8mb4;

--
-- Dumping data untuk tabel `profil_aplikasi`
--

INSERT INTO `profil_aplikasi` (`id`, `nama_aplikasi`, `alamat`, `no_telp`, `website`, `logo`) VALUES
(0, 'Toko Anugrah', 'Jl Karangbendo Kulon No 45', '082322230343', 'www.tokoanugrahcom', 'shop.png');

-- --------------------------------------------------------

--
-- Struktur dari tabel `supplier`
--

CREATE TABLE `supplier` (
  `id_supplier` int(11) NOT NULL,
  `kode_supplier` char(9) NOT NULL,
  `nama_supplier` varchar(50) NOT NULL,
  `no_telp` char(14) NOT NULL,
  `alamat_supplier` varchar(100) NOT NULL,
  `status` int(11) NOT NULL
) ENGINE=InnoDB DEFAULT CHARSET=utf8mb4;

--
-- Dumping data untuk tabel `supplier`
--

INSERT INTO `supplier` (`id_supplier`, `kode_supplier`, `nama_supplier`, `no_telp`, `alamat_supplier`, `status`) VALUES
(4, 'SP0001', 'PT Anugrah Sejahtera', '082322230343', 'Jl mantijeron no 78', 1),
(6, 'SP0005', 'PT Agung Mulia', '087823293222', 'Jl DI. Panjaitan no 82', 1),
(7, 'SP0007', 'PT Melia Maju', '087823293233', 'Jl Masjid no 90', 1),
(8, 'SP0008', 'PT Natan Jaya', '087823293222', 'Jl Bantu KM 20', 1);

--
-- Indexes for dumped tables
--

--
-- Indeks untuk tabel `detail_penjualan`
--
ALTER TABLE `detail_penjualan`
  ADD PRIMARY KEY (`id_detail_penjualan`);

--
-- Indeks untuk tabel `kategori_produk`
--
ALTER TABLE `kategori_produk`
  ADD PRIMARY KEY (`id_kt_produk`);

--
-- Indeks untuk tabel `log_aktivitas`
--
ALTER TABLE `log_aktivitas`
  ADD PRIMARY KEY (`id_aktivitas`);

--
-- Indeks untuk tabel `pelanggan`
--
ALTER TABLE `pelanggan`
  ADD PRIMARY KEY (`id_pelanggan`),
  ADD UNIQUE KEY `kode_pelanggan` (`kode_pelanggan`);

--
-- Indeks untuk tabel `pengguna`
--
ALTER TABLE `pengguna`
  ADD PRIMARY KEY (`id_pengguna`);

--
-- Indeks untuk tabel `penjualan`
--
ALTER TABLE `penjualan`
  ADD PRIMARY KEY (`id_penjualan`),
  ADD UNIQUE KEY `no_invoice` (`no_invoice`);

--
-- Indeks untuk tabel `produk`
--
ALTER TABLE `produk`
  ADD PRIMARY KEY (`id_produk`),
  ADD UNIQUE KEY `kode_produk` (`kode_produk`);

--
-- Indeks untuk tabel `profil_aplikasi`
--
ALTER TABLE `profil_aplikasi`
  ADD PRIMARY KEY (`id`);

--
-- Indeks untuk tabel `supplier`
--
ALTER TABLE `supplier`
  ADD PRIMARY KEY (`id_supplier`),
  ADD UNIQUE KEY `kode_supplier` (`kode_supplier`);

--
-- AUTO_INCREMENT untuk tabel yang dibuang
--

--
-- AUTO_INCREMENT untuk tabel `detail_penjualan`
--
ALTER TABLE `detail_penjualan`
  MODIFY `id_detail_penjualan` int(11) NOT NULL AUTO_INCREMENT, AUTO_INCREMENT=405;

--
-- AUTO_INCREMENT untuk tabel `kategori_produk`
--
ALTER TABLE `kategori_produk`
  MODIFY `id_kt_produk` int(11) NOT NULL AUTO_INCREMENT, AUTO_INCREMENT=31;

--
-- AUTO_INCREMENT untuk tabel `log_aktivitas`
--
ALTER TABLE `log_aktivitas`
  MODIFY `id_aktivitas` int(11) NOT NULL AUTO_INCREMENT, AUTO_INCREMENT=482;

--
-- AUTO_INCREMENT untuk tabel `pelanggan`
--
ALTER TABLE `pelanggan`
  MODIFY `id_pelanggan` int(11) NOT NULL AUTO_INCREMENT, AUTO_INCREMENT=24;

--
-- AUTO_INCREMENT untuk tabel `pengguna`
--
ALTER TABLE `pengguna`
  MODIFY `id_pengguna` int(11) NOT NULL AUTO_INCREMENT, AUTO_INCREMENT=32;

--
-- AUTO_INCREMENT untuk tabel `penjualan`
--
ALTER TABLE `penjualan`
  MODIFY `id_penjualan` int(11) NOT NULL AUTO_INCREMENT, AUTO_INCREMENT=225;

--
-- AUTO_INCREMENT untuk tabel `produk`
--
ALTER TABLE `produk`
  MODIFY `id_produk` int(11) NOT NULL AUTO_INCREMENT, AUTO_INCREMENT=111;

--
-- AUTO_INCREMENT untuk tabel `supplier`
--
ALTER TABLE `supplier`
  MODIFY `id_supplier` int(11) NOT NULL AUTO_INCREMENT, AUTO_INCREMENT=12;
COMMIT;

/*!40101 SET CHARACTER_SET_CLIENT=@OLD_CHARACTER_SET_CLIENT */;
/*!40101 SET CHARACTER_SET_RESULTS=@OLD_CHARACTER_SET_RESULTS */;
/*!40101 SET COLLATION_CONNECTION=@OLD_COLLATION_CONNECTION */;
